4, Jim B. Johnson, M, 5532 Kent Street, 36, 561223482, depression, [SSRI]
5, Andrew W. Wong, M, 6771 Brooke Lane, 20, 524721069, anxiety, [Celexa, Lexapro, Prozac]
6, Ella A. Jimky, F, 3626 King Street, 68, 689329126, -, [-]
4, Jim B. Johnson, M, 5532 Kent Street, 36, 561223482, depression, [SSRI]
5, Andrew W. Wong, M, 6771 Brooke Lane, 20, 524721069, anxiety, [Celexa, Lexapro, Prozac]
6, Ella A. Jimky, F, 3626 King Street, 68, 689329126, -, [-]
4, Jim B. Johnson, M, 5532 Kent Street, 36, 561223482, depression, [SSRI]
5, Andrew W. Wong, M, 6771 Brooke Lane, 20, 524721069, anxiety, [Celexa, Lexapro, Prozac]
6, Ella A. Jimky, F, 3626 King Street, 68, 689329126, -, [-]
4, Jim B. Johnson, M, 5532 Kent Street, 36, 561223482, depression, [SSRI]
5, Andrew W. Wong, M, 6771 Brooke Lane, 20, 524721069, anxiety, [Celexa, Lexapro, Prozac]
6, Ella A. Jimky, F, 3626 King Street, 68, 689329126, -, [-]
4, Jim B. Johnson, M, 5532 Kent Street, 36, 561223482, depression, [SSRI]
5, Andrew W. Wong, M, 6771 Brooke Lane, 20, 524721069, anxiety, [Celexa, Lexapro, Prozac]
6, Ella A. Jimky, F, 3626 King Street, 68, 689329126, -, [-]
4, Jim B. Johnson, M, 5532 Kent Street, 36, 561223482, depression, [SSRI]
5, Andrew W. Wong, M, 6771 Brooke Lane, 20, 524721069, anxiety, [Celexa, Lexapro, Prozac]
6, Ella A. Jimky, F, 3626 King Street, 68, 689329126, -, [-]
4, Jim B. Johnson, M, 5532 Kent Street, 36, 561223482, depression, [SSRI]
5, Andrew W. Wong, M, 6771 Brooke Lane, 20, 524721069, anxiety, [Celexa, Lexapro, Prozac]
6, Ella A. Jimky, F, 3626 King Street, 68, 689329126, -, [-]
